id,sku,name,oldStatus,newStatus,manageStock,stockQuantity,postStatus
57905,P273623,Axolotl reverse Plush – - 12/pk 13bx/cs cs.156,instock,outofstock,true,2000,publish
55080,T641788,Motorsports Umbrella Mix - 12/pk 5bx/cs cs.60,instock,outofstock,true,2000,publish
55079,T637671,Kids Motorsports umbrella Mix - 12/pk 10bx/cs cs.120,instock,outofstock,true,2000,publish
55074,T641849,"Dual Layered Floral Print Umbrella 41"" - 12/pk 4bx/cs cs.48",instock,outofstock,true,2000,publish
55072,T641461,Dinosaur Umbrella Mix - 12/pk 10bx/cs cs.120,instock,outofstock,true,2000,publish
55071,T641736,Clear Unicorn Umbrella Mix - 12/pk 5bx/cs cs.60,instock,outofstock,true,2000,publish
55066,T641790,Automatic Windbreak Umbrella 75cm (29.5 in) w/ Carry Cover 4 Assorted C... - 12/pk 2bx/cs cs.24,instock,outofstock,true,2000,publish
55064,T641647,T641647 - Automatic Solid Tri-Fold Travel Umbrella One Layer - 5 Assorted Colors ... - 10/pk 6bx/cs cs.60,instock,outofstock,false,,draft
55062,T641716,XR009) (Unicorn Styled Coin Box - 12/pk 5bx/cs cs.60,instock,outofstock,true,2000,publish
55060,P273678-M,White Plush Bear w/ Love Hearts &amp; Lights 30cm - 12/pk 4bx/cs cs.48,instock,outofstock,true,2000,publish
55057,S162599,Water Filled Glitter Squish Ball - 12/pk 12bx/cs cs.144,instock,outofstock,true,2000,publish
55055,T641137,Wacky Track 600pc/50dz/cs - 12/pk 50bx/cs cs.50pk,instock,outofstock,true,2000,publish
55053,P272720,Unicorn Pony Plush 45cm - 12/pk 2bx/cs cs.24,instock,outofstock,true,2000,publish
55030,P273638,Smiley Emoji Graduation Plushie 15cm - 12/pk 20bx/cs cs.240,instock,outofstock,true,2000,publish
55024,T641729,T641729 - Shark Light Up Wand - 12/pk 6bx/cs cs.72,instock,outofstock,false,,draft
55012,T641714,Rainbow Disco Ball Cup - 12/pk 5bx/cs cs.60,instock,outofstock,true,2000,publish
55011,S162725,Popping Squish Ball W/ Lights - 12/pk 24bx/cs cs.288,instock,outofstock,true,2000,publish
55001,P273801-60cm,"Panda Weighted Companion Plush 23.6"" - 1/pk 12bx/cs cs.12",instock,outofstock,true,2000,publish
54999,S162707,Octopus Squishy - 12/pk 16bx/cs cs.192,instock,outofstock,true,2000,publish
54992,S146905,"Monkey Puffer Squishy W/ Lights 8"" - 12/pk 12bx/cs cs.144",instock,outofstock,true,2000,publish
54979,T641679,Mixed Animal Dessert Squishy - 12/pk 24bx/cs cs.288,instock,outofstock,true,2000,publish
54948,T641705,Elephant Bounce Toy - 1/pk 12bx/cs cs.12,instock,outofstock,true,2000,publish
54947,T641263,Egg Plant Squishy Toy - 12/pk 12bx/cs cs.144,instock,outofstock,true,2000,publish
54944,T637522,Donkey Bounce Toy w/ Lights and Music - 1/pk 12bx/cs cs.12,instock,outofstock,true,2000,publish
54939,S162591,Distress Heavy Duty Colorchainging Slime Ball - 12/pk 12bx/cs cs.144,instock,outofstock,true,2000,publish
54938,S146878,Dinosaur Slime - 12/pk 6bx/cs cs.72,instock,outofstock,true,2000,publish
54932,T641669,Dinosaur Egg Toy - 12/pk 18bx/cs cs.216,instock,outofstock,true,2000,publish
54930,T637520,Deer Bounce Toy w/ Lights and Music - 1/pk 12bx/cs cs.12,instock,outofstock,true,2000,publish
54917,T641675,Colorful Monster Finger Puppets Silicone - 60/pk 24bx/cs cs.24,instock,outofstock,true,2000,publish
54909,T641676,Cat In a Cake Puffer Squishy - 12/pk 12bx/cs cs.144,instock,outofstock,true,2000,publish
54907,P273808-60cm,Cappy Weighted Paw Companion Plush - 24inch - 1/pk 12bx/cs cs.12,instock,outofstock,true,2000,publish
54899,P273744,"Brown Bear"" Plush Toys 40cm - 1/pk 12bx/cs cs.12",instock,outofstock,true,2000,publish
54880,S146904,Alien Puffer Squishy - 12/pk 12bx/cs cs.144,instock,outofstock,true,2000,publish
54878,T639833-Round,T639833-Round - 6262-2 - Round Led Clear Balloon - 12/pk 15bx/cs cs.180,instock,outofstock,false,,draft
54877,T639833-Print,T639833-Print - 6262-1 Love Print Led Clear Balloon - 12/pk 15bx/cs cs.180,instock,outofstock,false,,draft
54869,P257280,Zoo Animal Gel Pen (36ea/bx) - 36/pk 18bx/cs cs.18bx,instock,outofstock,true,2000,publish
54864,P257185,Tropical Styled Pen - 36/pk 20bx/cs cs.20bx,instock,outofstock,true,2000,publish
54863,P257189,Strawberry &amp; PIneapple Pencil Sharpener - 16/pk 36bx/cs cs.36bx,instock,outofstock,true,2000,publish
54862,P257125,Standing Baby Dinosaur Pen - 24/pk 18bx/cs cs.432,instock,outofstock,true,2000,publish
54853,P257177,Sea Shell Pen - 48/pk 18bx/cs cs.18bx,instock,outofstock,true,2000,publish
54851,P257279,Sea Animal Gel Pen (36ea/bx) - 36/pk 18bx/cs cs.18bx,instock,outofstock,true,2000,publish
54850,P257123,Safari Friends Animal Pen - 36/pk 18bx/cs cs.18bx,instock,outofstock,true,2000,publish
54848,P257214,Rounded Animal Multicolor Pen - 36/pk 18bx/cs cs.18bx,instock,outofstock,true,2000,publish
54839,P282131,Pencil Case - 12/pk 10bx/cs cs.120,instock,outofstock,true,2000,publish
54832,P257151,Mixed Zoo Animal Standing Pen - 36/pk 18bx/cs cs.18bx,instock,outofstock,true,2000,publish
54826,P257011,Ice cream Pen - 24/pk 24bx/cs cs.24bx,instock,outofstock,true,2000,publish
54823,P257175,Happy Face Graduation Pen - 12/pk 50bx/cs cs.50pk,instock,outofstock,true,2000,publish
54822,P257161,Globe Shaped Pen w/ Rhinestone - 48/pk 18bx/cs cs.18bx,instock,outofstock,true,2000,publish
54817,P257181,Eye Popping Mixed Animal Pen - 24/pk 24bx/cs cs.24bx,instock,outofstock,true,2000,publish
54815,P257207,DIY Beaded Square Cyrstal Pens - 36/pk 20bx/cs cs.20bx,instock,outofstock,true,2000,publish
54811,P257212,DIY Beaded Geometric Crsytal Pen - 36/pk 20bx/cs cs.20bx,instock,outofstock,true,2000,publish
54801,P257183,Cute Cat Styled Pen - 36/pk 20bx/cs cs.20bx,instock,outofstock,true,2000,publish
54796,T641959,Burger Lamp &amp; Sharpener - 12/pk 10bx/cs cs.120,instock,outofstock,true,2000,publish
54790,P257190,Astroanut Shaped Pencil Sharpener - 16/pk 36bx/cs cs.36bx,instock,outofstock,true,2000,publish
54767,T641817,Christmas Projector - 12/pk 4bx/cs cs.48,instock,outofstock,true,2000,publish
54765,F287876,"White Ribbon 1"" (40yd) - 12/pk 10bx/cs cs.120",instock,outofstock,true,2000,publish
54764,F287878,"Red Ribbon 1"" (40yd) - 12/pk 10bx/cs cs.120",instock,outofstock,true,2000,publish
54756,F287881,"Champagne Ribbon 1"" (40yd) - 120psc/cs - 12/pk 10bx/cs cs.120",instock,outofstock,true,2000,publish
54754,F287875,"Blush Pink Ribbon 1"" (40yd) - 12/pk 10bx/cs cs.120",instock,outofstock,true,2000,publish
54753,F287877,"Black Ribbon 1"" (40yd) - 12/pk 10bx/cs cs.120",instock,outofstock,true,2000,publish
54743,F286614-RD,F286614-RD - Red Two Piece Drum Set - 1/pk 4bx/cs cs.4,instock,outofstock,false,,draft
54739,PF20200931-PK,Pink Floral Paper W/ Gold Trim - 20/pk 60bx/cs cs.60,instock,outofstock,true,2000,publish
54730,F287579-PAPER,F287579-PAPER - Dark Red Ollita de Barro Floral Paper - 20/pk 60bx/cs cs.60,instock,outofstock,false,,draft
54726,F287815-Paper,F287815-Paper - Black Solid Color Paper - 1/pk 60bx/cs cs.60,instock,outofstock,false,,draft
54724,PF20200931-BK,PF20200931-BK - Black Floral Paper W/ Gold Trim - 20/pk 60bx/cs cs.60,instock,outofstock,false,,draft
54720,H424251,"Graduation Cap 7"" - 12/pk 40bx/cs cs.480",instock,outofstock,true,2000,publish
54715,F284020-LP,F284020-LP - Solid Light Purple Flower Leis - 12/pk 25bx/cs cs.288,instock,outofstock,false,,draft
54707,F286587-RG,F286587-RG - Long Flower Box ROSE GOLD - 1/pk 20bx/cs cs.20,instock,outofstock,false,,draft
54703,F286388-R,F286388-R - Flower Dome Red - 12/pk 3bx/cs cs.36,instock,outofstock,false,,draft
54700,F286366-WH,F286366-WH - 25cm White Rose Bear W/ Red Heart - 12/pk 5bx/cs cs.60,instock,outofstock,false,,draft
54672,T641718,T641718 - LED MOM w/ Remote Control - 1/pk 8bx/cs cs.8,instock,outofstock,false,,draft
54628,F286653-PK,F286653-PK - Pink Chained Purse Gift Bag - 12/pk 24bx/cs cs.288,instock,outofstock,false,,draft
54613,F286653-BLK,F286653-BLK - Black Chained Purse Gift Bag - 12/pk 24bx/cs cs.288,instock,outofstock,false,,draft
54604,F286384-W,F286384-W - Rose Clear Gold Stem Light Up - 1/pk 100bx/cs cs.100,instock,outofstock,false,,draft
54578,F286573-PK,F286573-PK - Artificial Pink Rose - 50/pk 20bx/cs cs.20bx,instock,outofstock,false,,draft
54571,F286563-FU,F286563-FU - Rose Foam Heart Fuchsia - 1/pk 20bx/cs cs.20,instock,outofstock,false,,draft
54570,F286567-GREY,F286567-GREY - Rose Dog Sitting Grey - 12/pk 2bx/cs cs.24,instock,outofstock,false,,draft
54569,F286567-FU,F286567-FU - Rose Dog Sitting Fuchsia - 12/pk 2bx/cs cs.24,instock,outofstock,false,,draft
54568,F286567-BK,F286567-BK - Rose Dog Sitting Black - 12/pk 2bx/cs cs.24,instock,outofstock,false,,draft
54567,F286162-MIX,F286162-MIX - Multi-Color Rose Bear 14in - 1/pk 12bx/cs cs.12,instock,outofstock,false,,draft
54562,F286567,F286567 - Flower Foam Sitting Dog - 12/pk 2bx/cs cs.24,instock,outofstock,false,,draft
54561,F286563,F286563 - Flower Foam Heart - 1/pk 32bx/cs cs.32,instock,outofstock,false,,draft
54560,F286162-Panda,F286162-Panda - 40cm-Panda Rose Foam Bear - 1/pk 12bx/cs cs.12,instock,outofstock,false,,draft
54558,F286366-W,F286366-W - 25cm White Rose Bear - 12/pk 5bx/cs cs.60,instock,outofstock,false,,draft
54557,F286366-P,F286366-P - 25cm Pink Rose Bear - 12/pk 5bx/cs cs.60,instock,outofstock,false,,draft
54556,F286591-Rd,F286591-Rd - 24K Single Rose W/ KY box Red - 1/pk 100bx/cs cs.100,instock,outofstock,false,,draft
54549,F286559-PK,F286559-PK - Unicorn Rose Bear Pink - 1/pk 30bx/cs cs.30,instock,outofstock,false,,draft
54508,F286499-RD,F286499-RD - Red Square Shape Acrylic Flower Box - 1/pk 8bx/cs cs.8,instock,outofstock,false,,draft
54505,F287279R,F287279R - Red Open Heart Gift Box - 1/pk 12bx/cs cs.12,instock,outofstock,false,,draft
54494,F286587-R,F286587-R - Long Flower Box RED - 1/pk 20bx/cs cs.20,instock,outofstock,false,,draft
54493,F286587-PK,F286587-PK - Long Flower Box PINK - 1/pk 20bx/cs cs.20,instock,outofstock,false,,draft
54485,F286445-RD,F286445-RD - Giant Acrylic Red Heart Box - 1/pk 4bx/cs cs.4,instock,outofstock,false,,draft
54472,F286545-BG,F286545-BG - Beige Square LOVE Box - 1/pk 6bx/cs cs.6,instock,outofstock,false,,draft
54470,F286491-RG,F286491-RG - Acrylic Magnetic Square Box w Heart Rose Gold - 1/pk 12bx/cs cs.12,instock,outofstock,false,,draft
54469,F286491-Blush,F286491-Blush - Acrylic Magnetic Square Box w Heart Blush - 1/pk 12bx/cs cs.12,instock,outofstock,false,,draft
54467,F286591-PK,F286591-PK - 24K Single Rose W/ KY Box Pink - 1/pk 100bx/cs cs.100,instock,outofstock,false,,draft
54466,F286591-Clear,F286591-Clear - 24K Single Rose W/ KY Box Clear - 1/pk 100bx/cs cs.100,instock,outofstock,false,,draft
54456,T642003A,T642003A - White Mountable Electric Fan - 1/pk 40bx/cs cs.40,instock,outofstock,false,,draft
54450,T641546-1,T641546-1 - Clear Watermelon Print Fan - 12/pk 25bx/cs cs.288,instock,outofstock,false,,draft
54431,T641495,Safari Bamboo Dinnerware 5 Piece Set - 1/pk 20bx/cs cs.20set,instock,outofstock,true,2000,publish
54422,T640819,Monkey Bamboo Dinnerware 5 Piece Set - 1/pk 20bx/cs cs.20set,instock,outofstock,true,2000,publish
54417,T641429,Mermaid Light Up Tumblers - 12/pk 4bx/cs cs.48,instock,outofstock,true,2000,publish
54388,T642180,Bow Limbing Tumbler - 1/pk 20bx/cs cs.20,instock,outofstock,true,2000,publish
54386,T641593,Bamboo Whale Single Plate - 12/pk 4bx/cs cs.48,instock,outofstock,true,2000,publish
54385,T641585,Bamboo Stegosaurus Single Plate - 12/pk 4bx/cs cs.48,instock,outofstock,true,2000,publish
54381,T641581,Bamboo Lady Bug Single Plate - 12/pk 4bx/cs cs.48,instock,outofstock,true,2000,publish
54380,T641588,Bamboo Giraffe Single Plate - 12/pk 4bx/cs cs.48,instock,outofstock,true,2000,publish
54376,T641586,Bamboo Baby Frog Single Plate - 12/pk 4bx/cs cs.48,instock,outofstock,true,2000,publish
54366,C801021,10ea/set Make Up Brush 3 Color - 12/pk 15bx/cs cs.180,instock,outofstock,true,2000,publish
54363,F286557-RD,F286557-RD - Triple Red Holographic Rose Dome With Lights - 1/pk 18bx/cs cs.18,instock,outofstock,false,,draft
54362,F286557-PK,F286557-PK - Triple Pink Holographic Rose Dome With Lights - 1/pk 18bx/cs cs.18,instock,outofstock,false,,draft
54360,F286557-CL,F286557-CL - Triple Clear Holographic Rose Dome With Lights - 1/pk 18bx/cs cs.18,instock,outofstock,false,,draft
54359,F286557-BU,F286557-BU - Triple Blue Holographic Rose Dome With Lights - 1/pk 18bx/cs cs.18,instock,outofstock,false,,draft
54353,F286459-Fu,F286459-Fu - Preserved Rose Bear Fuchsia - 30ea 27X16X18 29LBS - 1/pk 30bx/cs cs.30,instock,outofstock,false,,draft
54352,F286459-R,F286459-R - Preserved Rose Bear Dome with Lights Red - 27x16x18 29 lbs - 1/pk 30bx/cs cs.30,instock,outofstock,false,,draft
54351,F286459-P,F286459-P - Preserved Rose Bear Dome Pink - 1/pk 30bx/cs cs.30,instock,outofstock,false,,draft
54350,F286521,F286521 - Pink LED Flower Strip - 6/pk 4bx/cs cs.24,instock,outofstock,false,,draft
54349,F286388-PUR,F286388-PUR - FLower Dome Purple - 1/pk 40bx/cs cs.40,instock,outofstock,false,,draft
54348,F286388-PK,F286388-PK - Flower Dome Pink - 1/pk 40bx/cs cs.40,instock,outofstock,false,,draft
54347,F286388-Clear,F286388-Clear - Flower Dome Clear - 1/pk 40bx/cs cs.40,instock,outofstock,false,,draft
54340,F286459-BLK,F286459-BLK - Black Metallic Glitter Rose Dome - 1/pk 40bx/cs cs.40,instock,outofstock,false,,draft
54334,D751068-Red,D751068-Red - 3D Backpack Red Lager Size 8.67*4.92*9.84 inch - 6/pk 2bx/cs cs.12,instock,outofstock,false,,draft
54192,P273692,Teddy Bear Sherpa Slippers 36cm-41cm - 12/pk 4bx/cs cs.48,instock,outofstock,true,2000,publish
54190,P273642,Summer Cow Slippers -26x14x18 30 Lbs - 12/pk 3bx/cs cs.36,instock,outofstock,true,2000,publish
54163,P273684,Mix Color Checkered Sherpa Slippers (36cm-41cm) - 12/pk 4bx/cs cs.48,instock,outofstock,true,2000,publish
54133,P273686,Cowgirl Style Sherpa House Slippers Mix Size 22X18X20 30lbs - 12/pk 4bx/cs cs.48,instock,outofstock,true,2000,publish
54129,P273680,Colorful Hearts Sherpa Slippers Mix Size - 12/pk 4bx/cs cs.48,instock,outofstock,true,2000,publish
54128,P273679,Christmas Happy Face Sherpa Slipper Mix Size - 12/pk 4bx/cs cs.48,instock,outofstock,true,2000,publish
54125,H424249-1,H424249-1 - Bunny Headband W Lights - 1/pk 300bx/cs cs.300,instock,outofstock,false,,draft
54113,T641221,85cm Robot - 1/pk 20bx/cs cs.20,instock,outofstock,true,2000,publish
54108,D751067-Black,D751067-Black - 3D Backpack Black - 6/pk 2bx/cs cs.12,instock,outofstock,false,,draft
53711,T641545-1,T641545-1 - Colorful Cow Bounce Toy - 1/pk 12bx/cs cs.12/cs,instock,outofstock,false,,draft
53162,F287279-R,F287279-R - Red Heart Box w/ Gold Letters- Size 7x23x17cm - 1/pk 18bx/cs cs.18/cs,instock,outofstock,false,,draft
53160,F287277-1,"F287277-1 - Light Pink Ribbon 1.5"" - 1/pk 36bx/cs cs.36/cs",instock,outofstock,false,,draft
51742,T641640-Multi,T641640-Multi - LED Bear w/ Heart 40cm Multicolor - 1/pk 4bx/cs cs.4/cs,instock,outofstock,false,,draft
50715,F287497-1,F287497-1 - 3-piece Pink Heart Gift Box with Gold Outline - 1/pk 16bx/cs cs.16set/cs,instock,outofstock,false,,draft
50631,F287279-Pp,F287279-Pp - Purple Heart Box w/ Gold Letters- Size 7x23x17cm - 1/pk 18bx/cs cs.18/cs,instock,outofstock,false,,draft
50406,T641081-s,T641081-s - Pop Spinner - 12/pk 50bx/cs cs.50pk/cs,instock,outofstock,false,,draft
50318,F286547-PK,F286547-PK - Galaxy Rose Dome W/ Butterfly Pink - 12/pk 3bx/cs cs.36/cs,instock,outofstock,false,,draft
49856,T641664-Red,"T641664-Red - 11"" Rainbow Winged Dragon (12 ea) - 1/pk 12bx/cs cs.12/cs",instock,outofstock,false,,draft
49799,D751052-3D Egg,D751052-3D Egg - 3D mystery egg small size 96pc/dis - 30/pk 8bx/cs cs.240/cs,instock,outofstock,false,,draft
