3D801155,https://livecatalog.vercel.app/images/3D801155.jpeg
3D801156,https://livecatalog.vercel.app/images/3D801156.jpeg
C266044,https://livecatalog.vercel.app/images/C266044.jpeg
C801019,https://livecatalog.vercel.app/images/C801019.jpeg
C801020,https://livecatalog.vercel.app/images/C801020.jpeg
D701004,https://livecatalog.vercel.app/images/D701004.jpeg
D701016,https://livecatalog.vercel.app/images/D701016.jpeg
D701018,https://livecatalog.vercel.app/images/D701018.jpeg
D701098,https://livecatalog.vercel.app/images/D701098.jpeg
D701114,https://livecatalog.vercel.app/images/D701114.jpeg
D701119,https://livecatalog.vercel.app/images/D701119.jpeg
E273127,https://livecatalog.vercel.app/images/E273127.jpeg
F286785,https://livecatalog.vercel.app/images/F286785.jpeg
F286817,https://livecatalog.vercel.app/images/F286817.jpeg
F286843,https://livecatalog.vercel.app/images/F286843.jpeg
F286868,https://livecatalog.vercel.app/images/F286868.jpeg
F286965,https://livecatalog.vercel.app/images/F286965.jpeg
F287015,https://livecatalog.vercel.app/images/F287015.jpeg
F287030,https://livecatalog.vercel.app/images/F287030.jpeg
F287116,https://livecatalog.vercel.app/images/F287116.jpeg
F287429,https://livecatalog.vercel.app/images/F287429.jpeg
F287467,https://livecatalog.vercel.app/images/F287467.jpeg
F287468,https://livecatalog.vercel.app/images/F287468.jpeg
F287526,https://livecatalog.vercel.app/images/F287526.jpeg
F561926,https://livecatalog.vercel.app/images/F561926.jpeg
H424270,https://livecatalog.vercel.app/images/H424270.jpeg
L842062,https://livecatalog.vercel.app/images/L842062.jpeg
L842098,https://livecatalog.vercel.app/images/L842098.jpeg
LB1323,https://livecatalog.vercel.app/images/LB1323.jpeg
LL666,https://livecatalog.vercel.app/images/LL666.jpeg
P257215,https://livecatalog.vercel.app/images/P257215.jpeg
P257216,https://livecatalog.vercel.app/images/P257216.jpeg
P257251,https://livecatalog.vercel.app/images/P257251.jpeg
P273768,https://livecatalog.vercel.app/images/P273768.jpeg
P277099,https://livecatalog.vercel.app/images/P277099.jpeg
P81488,https://livecatalog.vercel.app/images/P81488.jpeg
S162757,https://livecatalog.vercel.app/images/S162757.jpeg
T641081,https://livecatalog.vercel.app/images/T641081.jpeg
T641481,https://livecatalog.vercel.app/images/T641481.jpeg
T641505,https://livecatalog.vercel.app/images/T641505.jpeg
