sku,woo_id,image_url,name
P273679,54128,https://res.cloudinary.com/vuecawyf/image/upload/v1783983238/P273679.jpg,Christmas Happy Face Sherpa Slipper Mix Size - 12/pk 4bx/cs cs.48
P257123,54850,https://res.cloudinary.com/vuecawyf/image/upload/v1783983204/P257123.png,Safari Friends Animal Pen - 36/pk 18bx/cs cs.18bx
F286505,54623,https://res.cloudinary.com/vuecawyf/image/upload/F286505,Clear White Gift Bag - 12/pk 15bx/cs cs.180
B325070,54227,https://res.cloudinary.com/vuecawyf/image/upload/B325070,Cute Round Purse w/ Bowtie - 12/pk 5bx/cs cs.60
F287849,54554,https://res.cloudinary.com/vuecawyf/image/upload/F287849,"Woven Rattan Flower Pot, Assorted Colors - 6/pk 6bx/cs cs.36"
F286749,54587,https://res.cloudinary.com/vuecawyf/image/upload/F286749,Clear Bag w/ Open Heart Design 35cm - 12/pk 10bx/cs cs.120
F284020,54718,https://res.cloudinary.com/vuecawyf/image/upload/F284020,Solid Purple Flower Lei - 12/pk 25bx/cs cs.288
F287875,54754,https://res.cloudinary.com/vuecawyf/image/upload/F287875,"Blush Pink Ribbon 1"" (40yd) - 12/pk 10bx/cs cs.120"
S162725,55011,https://res.cloudinary.com/vuecawyf/image/upload/v1783983278/S162725.png,Popping Squish Ball W/ Lights - 12/pk 24bx/cs cs.288
T641516,54666,https://res.cloudinary.com/vuecawyf/image/upload/v1783983301/T641516.png,Rainbow Slug Keychain - 12/pk 50bx/cs cs.50pk
B325027,54238,https://res.cloudinary.com/vuecawyf/image/upload/B325027,Fuzzy Sleeping Unicorn Purse W/ Strap - 12/pk 20bx/cs cs.240
F285346,54709,https://res.cloudinary.com/vuecawyf/image/upload/F285346,Metallic Pink Leis - 12/pk 25bx/cs cs.300
C801005,54294,https://res.cloudinary.com/vuecawyf/image/upload/C801005,LED Makeup Mirror - 1/pk 40bx/cs cs.40
F284122,54714,https://res.cloudinary.com/vuecawyf/image/upload/F284122,Solid Green Flower Lei - 12/pk 25bx/cs cs.300
F286610,54527,https://res.cloudinary.com/vuecawyf/image/upload/F286610,Four Colored Light Up Soap Rose Bouquet in Display Box - 1/pk 32bx/cs cs.32
P273692,54192,https://res.cloudinary.com/vuecawyf/image/upload/v1783983242/P273692.jpg,Teddy Bear Sherpa Slippers 36cm-41cm - 12/pk 4bx/cs cs.48
C801015,54291,https://res.cloudinary.com/vuecawyf/image/upload/C801015,Fruity Wristlet Cosmetic Bag - 12/pk 10bx/cs cs.120
F286376,54717,https://res.cloudinary.com/vuecawyf/image/upload/F286376,Solid Pink Leis - 12/pk 25bx/cs cs.300
F287789,54457,https://res.cloudinary.com/vuecawyf/image/upload/F287789,3-in-1 Sets of Silver Floral Tin Basket - 1/pk 24bx/cs cs.24
F286629,54712,https://res.cloudinary.com/vuecawyf/image/upload/F286629,Royal Blue Metallic Flower Lei - 12/pk 25bx/cs cs.300
F286801,54320,https://res.cloudinary.com/vuecawyf/image/upload/F286801,"10"" Gold Gift Bow - 20/pk 100bx/cs cs.100"
F286667,54532,https://res.cloudinary.com/vuecawyf/image/upload/F286667,Mixed Rose W/ Lights - 12/pk 20bx/cs cs.240
F287851,54517,https://res.cloudinary.com/vuecawyf/image/upload/F287851,"Woven Rattan Flower Pot, Natural Color With White Band - 6/pk 6bx/cs cs.36"
F286802,54323,https://res.cloudinary.com/vuecawyf/image/upload/F286802,"10"" Royal Blue Gift Bow - 20/pk 100bx/cs cs.100"
F286797,54319,https://res.cloudinary.com/vuecawyf/image/upload/F286797,"10"" Fuchsia Gift Bow - 20/pk 100bx/cs cs.100"
P257125,54862,https://res.cloudinary.com/vuecawyf/image/upload/v1783983205/P257125.png,Standing Baby Dinosaur Pen - 24/pk 18bx/cs cs.432
H424261,54162,https://res.cloudinary.com/vuecawyf/image/upload/H424261,Metallic Cowgirl Hats Pink & White w/ Lights - 12/pk 5bx/cs cs.60
K229478,54645,https://res.cloudinary.com/vuecawyf/image/upload/v1783983196/K229478.jpg,Coin Purse Keychain - 12/pk 20bx/cs cs.240
T641716,55062,https://res.cloudinary.com/vuecawyf/image/upload/v1783983316/T641716.jpg,XR009) (Unicorn Styled Coin Box - 12/pk 5bx/cs cs.60
T641527,54978,https://res.cloudinary.com/vuecawyf/image/upload/v1783983303/T641527.png,Mixed Animal Bubble Camera - 1/pk 30bx/cs cs.30
T641585,54385,https://res.cloudinary.com/vuecawyf/image/upload/v1783983306/T641585.png,Bamboo Stegosaurus Single Plate - 12/pk 4bx/cs cs.48
T637522,54944,https://res.cloudinary.com/vuecawyf/image/upload/v1783983286/T637522.png,Donkey Bounce Toy w/ Lights and Music - 1/pk 12bx/cs cs.12
K229480,54642,https://res.cloudinary.com/vuecawyf/image/upload/v1783983197/K229480.jpg,Bedazzled Phone Hanger/Holder Keychain - 12/pk 20bx/cs cs.240
P257161,54822,https://res.cloudinary.com/vuecawyf/image/upload/v1783983206/P257161.jpg,Globe Shaped Pen w/ Rhinestone - 48/pk 18bx/cs cs.18bx
P258418,54825,https://res.cloudinary.com/vuecawyf/image/upload/v1783983231/P258418.png,Ice Cream Cute Eraser - 12/pk 24bx/cs cs.288
P257190,54790,https://res.cloudinary.com/vuecawyf/image/upload/v1783983212/P257190.jpg,Astroanut Shaped Pencil Sharpener - 16/pk 36bx/cs cs.36bx
P257214,54848,https://res.cloudinary.com/vuecawyf/image/upload/v1783983214/P257214.png,Rounded Animal Multicolor Pen - 36/pk 18bx/cs cs.18bx
K229488,54662,https://res.cloudinary.com/vuecawyf/image/upload/v1783983199/K229488.jpg,Pom Pom Ball Keychain - 12/pk 25bx/cs cs.300
T641817,54767,https://res.cloudinary.com/vuecawyf/image/upload/v1783983324/T641817.jpg,Christmas Projector - 12/pk 4bx/cs cs.48
P257170,54840,https://res.cloudinary.com/vuecawyf/image/upload/v1783983207/P257170.png,Pencil W/ Fruit Eraser - 16/pk 20bx/cs cs.320
S146905,54992,https://res.cloudinary.com/vuecawyf/image/upload/v1783983271/S146905.png,"Monkey Puffer Squishy W/ Lights 8"" - 12/pk 12bx/cs cs.144"
B325068,54267,https://res.cloudinary.com/vuecawyf/image/upload/B325068,Small Carry Purse W/ pearl Strap - 1/pk 100bx/cs cs.100
P257177,54853,https://res.cloudinary.com/vuecawyf/image/upload/v1783983209/P257177.png,Sea Shell Pen - 48/pk 18bx/cs cs.18bx
T641669,54932,https://res.cloudinary.com/vuecawyf/image/upload/v1783983310/T641669.png,Dinosaur Egg Toy - 12/pk 18bx/cs cs.216
T641137,55055,https://res.cloudinary.com/vuecawyf/image/upload/v1783983290/T641137.jpg,Wacky Track 600pc/50dz/cs - 12/pk 50bx/cs cs.50pk
P257280,54869,https://res.cloudinary.com/vuecawyf/image/upload/v1783983230/P257280.jpg,Zoo Animal Gel Pen (36ea/bx) - 36/pk 18bx/cs cs.18bx
T640819,54422,https://res.cloudinary.com/vuecawyf/image/upload/v1783983287/T640819.png,Monkey Bamboo Dinnerware 5 Piece Set - 1/pk 20bx/cs cs.20set
P273658,54639,https://res.cloudinary.com/vuecawyf/image/upload/v1783983236/P273658.png,"Axolotl Keychain 4"" - 12/pk 50bx/cs cs.50pk"
T641593,54386,https://res.cloudinary.com/vuecawyf/image/upload/v1783983307/T641593.png,Bamboo Whale Single Plate - 12/pk 4bx/cs cs.48
T641495,54431,https://res.cloudinary.com/vuecawyf/image/upload/v1783983301/T641495.png,Safari Bamboo Dinnerware 5 Piece Set - 1/pk 20bx/cs cs.20set
PF20200931-PK,54739,https://res.cloudinary.com/vuecawyf/image/upload/v1783983264/PF20200931-PK.jpg,Pink Floral Paper W/ Gold Trim - 20/pk 60bx/cs cs.60
T641165,54178,https://res.cloudinary.com/vuecawyf/image/upload/v1783983292/T641165.jpg,Silicone Decorative Charms - 60/pk 20bx/cs cs.20
H424181,54122,https://res.cloudinary.com/vuecawyf/image/upload/H424181,Beauty Polka Dot Spa Headband - 12/pk 30bx/cs cs.360
T641263,54947,https://res.cloudinary.com/vuecawyf/image/upload/v1783983295/T641263.png,Egg Plant Squishy Toy - 12/pk 12bx/cs cs.144
T641453,54956,https://res.cloudinary.com/vuecawyf/image/upload/v1783983300/T641453.png,Finger Slug Fidget Toy - 12/pk 10bx/cs cs.120
T641676,54909,https://res.cloudinary.com/vuecawyf/image/upload/v1783983312/T641676.png,Cat In a Cake Puffer Squishy - 12/pk 12bx/cs cs.144
T642183,54305,https://res.cloudinary.com/vuecawyf/image/upload/v1783983383/T642183.jpg,Pink Flower Print Compact Mirror - 12/pk 16bx/cs cs.192
P257183,54801,https://res.cloudinary.com/vuecawyf/image/upload/v1783983210/P257183.jpg,Cute Cat Styled Pen - 36/pk 20bx/cs cs.20bx
T641798,54336,https://res.cloudinary.com/vuecawyf/image/upload/v1783983322/T641798.jpg,Light Up Ice Cube - 12/pk 80bx/cs cs.80pk
T641705,54948,https://res.cloudinary.com/vuecawyf/image/upload/v1783983315/T641705.png,Elephant Bounce Toy - 1/pk 12bx/cs cs.12
T641788,55080,https://res.cloudinary.com/vuecawyf/image/upload/v1783983321/T641788.jpg,Motorsports Umbrella Mix - 12/pk 5bx/cs cs.60
T641836,54109,https://res.cloudinary.com/vuecawyf/image/upload/v1783983325/T641836.jpg,3D Controller - 12/pk 24bx/cs cs.288
T641852,54882,https://res.cloudinary.com/vuecawyf/image/upload/v1783983327/T641852.jpg,Astronauts Bubble Gun - 12/pk 3bx/cs cs.36
T641679,54979,https://res.cloudinary.com/vuecawyf/image/upload/v1783983313/T641679.png,Mixed Animal Dessert Squishy - 12/pk 24bx/cs cs.288
T641877,54150,https://res.cloudinary.com/vuecawyf/image/upload/v1783983328/T641877.jpg,"Gold Necklace Chain 2.5"" - 1/pk 20bx/cs cs.20"
T641959,54796,https://res.cloudinary.com/vuecawyf/image/upload/v1783983333/T641959.jpg,Burger Lamp & Sharpener - 12/pk 10bx/cs cs.120
F287051,52316,https://res.cloudinary.com/vuecawyf/image/upload/F287051,Pink Ollita de Barro Floral Paper - 20/pk 60bx/cs cs.60
S146878,54938,https://res.cloudinary.com/vuecawyf/image/upload/v1783982215/S146878.png,Dinosaur Slime - 12/pk 6bx/cs cs.72
T642186,54315,https://res.cloudinary.com/vuecawyf/image/upload/v1783983384/T642186.jpg,White Butterfly Style Compact Mirror - 12/pk 16bx/cs cs.192
P282131,54839,https://res.cloudinary.com/vuecawyf/image/upload/v1783982211/P282131.png,Pencil Case - 12/pk 10bx/cs cs.120
F286630,54706,https://res.cloudinary.com/vuecawyf/image/upload/F286630,Light Pink Metallic Flower Lei - 12/pk 25bx/cs cs.300
F286459,54339,https://res.cloudinary.com/vuecawyf/image/upload/F286459,Black Flower Dome - 1/pk 40bx/cs cs.40
T641820,54782,https://res.cloudinary.com/vuecawyf/image/upload/v1783982259/T641820.jpg,Karaoke System w/ Speaker - 12/pk 4bx/cs cs.48
F287174,52341,https://res.cloudinary.com/vuecawyf/image/upload/F287174,Red Frosted Floral Paper with Trim - 20/pk 60bx/cs cs.60
F287173,52338,https://res.cloudinary.com/vuecawyf/image/upload/F287173,Brown Frosted Floral Paper with Trim - 20/pk 60bx/cs cs.60
F287171,52333,https://res.cloudinary.com/vuecawyf/image/upload/F287171,Blue Frosted Floral Paper with Trim - 20/pk 60bx/cs cs.60
F287175,52343,https://res.cloudinary.com/vuecawyf/image/upload/F287175,Black Frosted Floral Paper with Trim - 20/pk 60bx/cs cs.60
T641151,54954,https://res.cloudinary.com/vuecawyf/image/upload/v1783982235/T641151.jpg,Fidget Ring Toy-240bg/cs - 12/pk 20bx/cs cs.240
S162599,55057,https://res.cloudinary.com/vuecawyf/image/upload/v1783982218/S162599.png,Water Filled Glitter Squish Ball - 12/pk 12bx/cs cs.144
P282115,54284,https://res.cloudinary.com/vuecawyf/image/upload/v1783983262/P282115.png,Butterfly Makeup Bag - 12/pk 20bx/cs cs.240
F287877,54753,https://res.cloudinary.com/vuecawyf/image/upload/F287877,"Black Ribbon 1"" (40yd) - 12/pk 10bx/cs cs.120"
P282113,54286,https://res.cloudinary.com/vuecawyf/image/upload/v1783983261/P282113.png,Cat Makeup Bag - 12/pk 20bx/cs cs.240
F286787,54364,https://res.cloudinary.com/vuecawyf/image/upload/F286787,Wood Flower Dome - 12/pk 3bx/cs cs.36
T637520,54930,https://res.cloudinary.com/vuecawyf/image/upload/v1783983285/T637520.png,Deer Bounce Toy w/ Lights and Music - 1/pk 12bx/cs cs.12
T641221,54113,https://res.cloudinary.com/vuecawyf/image/upload/v1783983294/T641221.jpg,85cm Robot - 1/pk 20bx/cs cs.20
F286635,54719,https://res.cloudinary.com/vuecawyf/image/upload/F286635,White Metallic Flower Lei - 12/pk 25bx/cs cs.300
T641826,54668,https://res.cloudinary.com/vuecawyf/image/upload/v1783983325/T641826.jpg,Ball Light LED String - 12/pk 4bx/cs cs.48
P257011,54826,https://res.cloudinary.com/vuecawyf/image/upload/v1783983203/P257011.png,Ice cream Pen - 24/pk 24bx/cs cs.24bx
T642182,54308,https://res.cloudinary.com/vuecawyf/image/upload/v1783983383/T642182.jpg,Rose Rectangular Compact Mirror - 12/pk 16bx/cs cs.192
H424251,54720,https://res.cloudinary.com/vuecawyf/image/upload/H424251,"Graduation Cap 7"" - 12/pk 40bx/cs cs.480"
T641461,55072,https://res.cloudinary.com/vuecawyf/image/upload/v1783983300/T641461.png,Dinosaur Umbrella Mix - 12/pk 10bx/cs cs.120
F287878,54764,https://res.cloudinary.com/vuecawyf/image/upload/F287878,"Red Ribbon 1"" (40yd) - 12/pk 10bx/cs cs.120"
K229479,54643,https://res.cloudinary.com/vuecawyf/image/upload/v1783983196/K229479.jpg,Bedazzled Tube Bag Sketching - 12/pk 20bx/cs cs.240
P257164,54804,https://res.cloudinary.com/vuecawyf/image/upload/v1783983206/P257164.png,Dessert Eraser - 24/pk 6bx/cs cs.144
C801021,54366,https://res.cloudinary.com/vuecawyf/image/upload/C801021,10ea/set Make Up Brush 3 Color - 12/pk 15bx/cs cs.180
T641347,54998,https://res.cloudinary.com/vuecawyf/image/upload/v1783983298/T641347.jpg,Octopus Spinner light up pop - 12/pk 15bx/cs cs.180
T641659,54673,https://res.cloudinary.com/vuecawyf/image/upload/v1783983309/T641659.jpg,LED Multicolor Shark W/USB - 1/pk 10bx/cs cs.10
T641850,54775,https://res.cloudinary.com/vuecawyf/image/upload/v1783983326/T641850.jpg,"Astronaut On the Moon Mini Speaker 6"" - 12/pk 4bx/cs cs.48"
S162707,54999,https://res.cloudinary.com/vuecawyf/image/upload/v1783983275/S162707.png,Octopus Squishy - 12/pk 16bx/cs cs.192
T641139,54783,https://res.cloudinary.com/vuecawyf/image/upload/v1783983291/T641139.jpg,LED Bluetooth Speaker - 12/pk 4bx/cs cs.48
B325039,54235,https://res.cloudinary.com/vuecawyf/image/upload/B325039,Fuzzy Bear Backpack - 12/pk 5bx/cs cs.60
T641209,54892,https://res.cloudinary.com/vuecawyf/image/upload/v1783983293/T641209.jpg,Big Noodle Fidget-50bg/cs - 12/pk 4bx/cs cs.48
P257166,54820,https://res.cloudinary.com/vuecawyf/image/upload/v1783983207/P257166.png,Food Eraser - 24/pk 6bx/cs cs.144
T641586,54376,https://res.cloudinary.com/vuecawyf/image/upload/v1783983306/T641586.png,Bamboo Baby Frog Single Plate - 12/pk 4bx/cs cs.48
P257171,54842,https://res.cloudinary.com/vuecawyf/image/upload/v1783983208/P257171.png,Pencil W/ Sports Eraser - 16/pk 20bx/cs cs.320
S146904,54880,https://res.cloudinary.com/vuecawyf/image/upload/v1783983271/S146904.png,Alien Puffer Squishy - 12/pk 12bx/cs cs.144
P282175,54233,https://res.cloudinary.com/vuecawyf/image/upload/v1783983263/P282175.png,Furry Heart Bag w Detachable Handle - 12/pk 5bx/cs cs.60
S162591,54939,https://res.cloudinary.com/vuecawyf/image/upload/v1783983275/S162591.png,Distress Heavy Duty Colorchainging Slime Ball - 12/pk 12bx/cs cs.144
P282185,54254,https://res.cloudinary.com/vuecawyf/image/upload/v1783983263/P282185.png,Panda Furry Crossbody Purse - 12/pk 5bx/cs cs.60
B325043,54237,https://res.cloudinary.com/vuecawyf/image/upload/B325043,Fuzzy Puppy Backpack Mix - 12/pk 5bx/cs cs.60
K229355,54248,https://res.cloudinary.com/vuecawyf/image/upload/K229355,Metallic Butterfly Coin Purse - 12/pk 25bx/cs cs.300
T641714,55012,https://res.cloudinary.com/vuecawyf/image/upload/v1783983316/T641714.png,Rainbow Disco Ball Cup - 12/pk 5bx/cs cs.60
B325076,54259,https://res.cloudinary.com/vuecawyf/image/upload/B325076,PU Quilted Scrunchy Purse - 12/pk 5bx/cs cs.60
F286800,54324,https://res.cloudinary.com/vuecawyf/image/upload/F286800,"10"" Silver Gift Bow - 20/pk 100bx/cs cs.100"
B325073,54210,https://res.cloudinary.com/vuecawyf/image/upload/B325073,Clear Edgy Clutch Handbag - 12/pk 3bx/cs cs.36
K229366,54647,https://res.cloudinary.com/vuecawyf/image/upload/K229366,Cute Boba Animal Silicone Keychain - 12/pk 24bx/cs cs.288
F286744,54621,https://res.cloudinary.com/vuecawyf/image/upload/F286744,Clear Gift Bag W/ Handle 35cm - 12/pk 10bx/cs cs.120
F287848,54553,https://res.cloudinary.com/vuecawyf/image/upload/F287848,Woven Rattan Flower Pot Natural Color With Yellow Band - 6/pk 6bx/cs cs.36
F286862,54328,https://res.cloudinary.com/vuecawyf/image/upload/F286862,White Floral Wrapper - 200/pk 10bx/cs cs.10
T649989,54667,https://res.cloudinary.com/vuecawyf/image/upload/v1783983385/T649989.png,Small pop Keychain - 12/pk 100bx/cs cs.100
F286631,54711,https://res.cloudinary.com/vuecawyf/image/upload/F286631,Red Metallic Flower Lei - 12/pk 25bx/cs cs.300
H424250,54160,https://res.cloudinary.com/vuecawyf/image/upload/H424250,LED Flower Headband - 12/pk 25bx/cs cs.300
T641739,54883,https://res.cloudinary.com/vuecawyf/image/upload/v1783983318/T641739.jpg,Automatic Bazooka Bubble Gun 12 Hole Red & Blue - 12/pk 3bx/cs cs.36
F287850,54555,https://res.cloudinary.com/vuecawyf/image/upload/F287850,"Woven Rattan Flower Pot, black with colored band - 6/pk 6bx/cs cs.36"
P282073,54625,https://res.cloudinary.com/vuecawyf/image/upload/v1783983260/P282073.png,Cute Milk Bag with adjustable handle - 12/pk 5bx/cs cs.60
T641546,36041,https://res.cloudinary.com/vuecawyf/image/upload/v1783983303/T641546.png,"Clear Strawberry Print Fan 9"" - 12/pk 25bx/cs cs.288"
T641343,54653,https://res.cloudinary.com/vuecawyf/image/upload/v1783983297/T641343.png,Glow in the dark Keychain pop - 12/pk 50bx/cs cs.50pk
T641868,54620,https://res.cloudinary.com/vuecawyf/image/upload/v1783983328/T641868.jpg,"Clear GIft Bag w/ Handle 10"" - 12/pk 25bx/cs cs.300"
K229486,54663,https://res.cloudinary.com/vuecawyf/image/upload/v1783983198/K229486.jpg,Pom Pom Bear Keychain w/ Rhinestone - 12/pk 20bx/cs cs.240
F287792,54458,https://res.cloudinary.com/vuecawyf/image/upload/F287792,Butterfly Print Floral Cylinder Basket White and Pink Mix Colors 13X15X1... - 6/pk 10bx/cs cs.60
K229361,54665,https://res.cloudinary.com/vuecawyf/image/upload/K229361,Rainbow Rubber Pom Pom Keychain - 12/pk 25bx/cs cs.300
P257151,54832,https://res.cloudinary.com/vuecawyf/image/upload/v1783983205/P257151.png,Mixed Zoo Animal Standing Pen - 36/pk 18bx/cs cs.18bx
H424183,54285,https://res.cloudinary.com/vuecawyf/image/upload/H424183,Butterfly Spa Headband - 12/pk 30bx/cs cs.360
F286748,54533,https://res.cloudinary.com/vuecawyf/image/upload/F286748,Notebook Styled Clear Gift Bag - 12/pk 10bx/cs cs.120
F286799,54326,https://res.cloudinary.com/vuecawyf/image/upload/F286799,"10"" White Gift Bow - 20/pk 100bx/cs cs.100"
P257207,54815,https://res.cloudinary.com/vuecawyf/image/upload/v1783983213/P257207.jpg,DIY Beaded Square Cyrstal Pens - 36/pk 20bx/cs cs.20bx
P273686,54133,https://res.cloudinary.com/vuecawyf/image/upload/v1783983240/P273686.png,Cowgirl Style Sherpa House Slippers Mix Size 22X18X20 30lbs - 12/pk 4bx/cs cs.48
F286380,54716,https://res.cloudinary.com/vuecawyf/image/upload/F286380,Solid Marigold Flower Leis - 12/pk 25bx/cs cs.300
T642184,54306,https://res.cloudinary.com/vuecawyf/image/upload/v1783983384/T642184.jpg,Pink Heart Style Compact Mirror - 12/pk 16bx/cs cs.192
P257212,54811,https://res.cloudinary.com/vuecawyf/image/upload/v1783983214/P257212.jpg,DIY Beaded Geometric Crsytal Pen - 36/pk 20bx/cs cs.20bx
P257185,54864,https://res.cloudinary.com/vuecawyf/image/upload/v1783983211/P257185.jpg,Tropical Styled Pen - 36/pk 20bx/cs cs.20bx
P257175,54823,https://res.cloudinary.com/vuecawyf/image/upload/v1783983209/P257175.png,Happy Face Graduation Pen - 12/pk 50bx/cs cs.50pk
P257279,54851,https://res.cloudinary.com/vuecawyf/image/upload/v1783983229/P257279.jpg,Sea Animal Gel Pen (36ea/bx) - 36/pk 18bx/cs cs.18bx
T641581,54381,https://res.cloudinary.com/vuecawyf/image/upload/v1783983304/T641581.png,Bamboo Lady Bug Single Plate - 12/pk 4bx/cs cs.48
P257181,54817,https://res.cloudinary.com/vuecawyf/image/upload/v1783983210/P257181.jpg,Eye Popping Mixed Animal Pen - 24/pk 24bx/cs cs.24bx
T641893,54280,https://res.cloudinary.com/vuecawyf/image/upload/v1783983329/T641893.jpg,Boho Dream Catcher Slim Compact Mirror - 12/pk 20bx/cs cs.240
F286628,54701,https://res.cloudinary.com/vuecawyf/image/upload/F286628,Aqua Metallic Flower Lei - 12/pk 25bx/cs cs.300
F287547,54748,https://res.cloudinary.com/vuecawyf/image/upload/F287547,White Spanish Flower Wrapping Paper - 4/pk 15bx/cs cs.60
T641588,54380,https://res.cloudinary.com/vuecawyf/image/upload/v1783983307/T641588.png,Bamboo Giraffe Single Plate - 12/pk 4bx/cs cs.48
F286605,54734,https://res.cloudinary.com/vuecawyf/image/upload/F286605,Money Rose Dome - 1/pk 40bx/cs cs.40
P257189,54863,https://res.cloudinary.com/vuecawyf/image/upload/v1783983212/P257189.jpg,Strawberry & PIneapple Pencil Sharpener - 16/pk 36bx/cs cs.36bx
P273680,54129,https://res.cloudinary.com/vuecawyf/image/upload/v1783983239/P273680.jpg,Colorful Hearts Sherpa Slippers Mix Size - 12/pk 4bx/cs cs.48
T641675,54917,https://res.cloudinary.com/vuecawyf/image/upload/v1783983312/T641675.png,Colorful Monster Finger Puppets Silicone - 60/pk 24bx/cs cs.24
F287876,54765,https://res.cloudinary.com/vuecawyf/image/upload/F287876,"White Ribbon 1"" (40yd) - 12/pk 10bx/cs cs.120"
P273642,54190,https://res.cloudinary.com/vuecawyf/image/upload/v1783983235/P273642.png,Summer Cow Slippers -26x14x18 30 Lbs - 12/pk 3bx/cs cs.36
T641690,54391,https://res.cloudinary.com/vuecawyf/image/upload/v1783983314/T641690.png,Character Cat Ceramic Coffee Mug - 12/pk 3bx/cs cs.36
P273684,54163,https://res.cloudinary.com/vuecawyf/image/upload/v1783983239/P273684.jpg,Mix Color Checkered Sherpa Slippers (36cm-41cm) - 12/pk 4bx/cs cs.48
T641790,55066,https://res.cloudinary.com/vuecawyf/image/upload/v1783983321/T641790.jpg,Automatic Windbreak Umbrella 75cm (29.5 in) w/ Carry Cover 4 Assorted C... - 12/pk 2bx/cs cs.24
T641849,55074,https://res.cloudinary.com/vuecawyf/image/upload/v1783983326/T641849.jpg,"Dual Layered Floral Print Umbrella 41"" - 12/pk 4bx/cs cs.48"
T637671,55079,https://res.cloudinary.com/vuecawyf/image/upload/v1783983286/T637671.png,Kids Motorsports umbrella Mix - 12/pk 10bx/cs cs.120
T641429,54417,https://res.cloudinary.com/vuecawyf/image/upload/v1783983298/T641429.png,Mermaid Light Up Tumblers - 12/pk 4bx/cs cs.48
F287881,54756,https://res.cloudinary.com/vuecawyf/image/upload/F287881,"Champagne Ribbon 1"" (40yd) - 120psc/cs - 12/pk 10bx/cs cs.120"
T641736,55071,https://res.cloudinary.com/vuecawyf/image/upload/v1783983317/T641736.png,Clear Unicorn Umbrella Mix - 12/pk 5bx/cs cs.60
T642180,54388,https://res.cloudinary.com/vuecawyf/image/upload/v1783983382/T642180.jpg,Bow Limbing Tumbler - 1/pk 20bx/cs cs.20
